{"cameraMode":{"drawMode":0,"name":"Shaded","section":"Shading Mode"},"sceneLighting":true,"audioPlay":false,"sceneViewState":{"showFog":true,"showMaterialUpdate":false,"showSkybox":true,"showFlares":true,"showImageEffects":true,"showParticleSystems":true},"in2DMode":false,"pivot":{"x":-43.62668991088867,"y":86.4866943359375,"z":68.77651977539063},"rotation":{"x":0.1275157630443573,"y":-0.6789242029190064,"z":0.12413863837718964,"w":0.7130906581878662},"size":53.125484466552737,"orthographic":false}