{"cameraMode":{"drawMode":0,"name":"Shaded","section":"Shading Mode"},"sceneLighting":false,"audioPlay":false,"sceneViewState":{"showFog":true,"showMaterialUpdate":false,"showSkybox":false,"showFlares":true,"showImageEffects":true,"showParticleSystems":true},"in2DMode":false,"pivot":{"x":35.400001525878909,"y":0.6100000143051148,"z":-22.979999542236329},"rotation":{"x":-0.06956924498081207,"y":-0.7855907678604126,"z":0.08668354898691178,"w":-0.6095432639122009},"size":9.980653762817383,"orthographic":false}