{"cameraMode":{"drawMode":0,"name":"Shaded","section":"Shading Mode"},"sceneLighting":true,"audioPlay":false,"sceneViewState":{"showFog":true,"showMaterialUpdate":false,"showSkybox":true,"showFlares":true,"showImageEffects":true,"showParticleSystems":true},"in2DMode":false,"pivot":{"x":-66.65711975097656,"y":-17.342247009277345,"z":31.882736206054689},"rotation":{"x":-0.2952693700790405,"y":0.45246461033821108,"z":-0.15992319583892823,"w":-0.8266280293464661},"size":96.69378662109375,"orthographic":false}